googles breakdown of what americans dont know how to spell state by state,washingtonpost
at the dawn of recorded sound no one cared,npr
how tales of flippers led to a housing bubble,nytimes
chinas 1 trillion plan to shake up the economic order,nytimes
nhs in england hit by cyber-attack with ransomware demanding 300 in bitcoin,bbc
nhs england hit by cyber attack,bbc
uk virtual reality firm improbable raises 500m,bbc
microsoft makes emergency security fix,bbc
macron campaign says it was target of massive hacking attack,nytimes
long-dormant bacteria and viruses in ice are reviving as climate warms,bbc
why is russia so good at encouraging women into tech,bbc
how the airlines became abusive cartels,nytimes
westinghouse files for bankruptcy in blow to nuclear power,nytimes
i am an arctic researcher donald trump is deleting my citations,theguardian
ibm is ordering its work-from-home employees to stop working from home,washingtonpost
london-paris electric flight in decade,bbc
uk to follow us flight ban on laptops,bbc
we might soon resurrect extinct species is it worth the cost,nytimes
how a water bear survives even when its dry,nytimes
just 15 of the biggest ships emit more oxides than all of the worlds cars,economist
the truth about the wikileaks cia cache,nytimes
